sale_id,product_id,customer_id,quantity,sale_date,amount
1,39,121,3,2025-01-04,403.68
2,29,33,6,2024-12-12,762.96
3,15,181,9,2024-12-03,599.3100000000001
4,43,150,6,2025-05-18,1193.82
5,8,21,9,2024-11-25,4443.84
6,21,198,7,2025-07-19,2103.08
7,39,70,9,2025-07-18,1211.04
8,19,112,2,2025-06-08,587.06
9,23,4,8,2024-10-26,813.76
10,11,94,8,2024-12-04,92.8
11,11,75,2,2025-07-24,23.2
12,24,190,4,2025-05-28,1241.6
13,36,62,7,2025-04-06,1697.92
14,40,94,4,2025-03-26,41.24
15,24,95,4,2025-07-16,1241.6
16,3,152,6,2025-05-03,2432.7
17,22,55,6,2025-07-19,1479.1200000000001
18,2,137,3,2025-05-10,783.75
19,24,131,9,2025-03-20,2793.6
20,44,31,2,2025-06-18,783.8
21,30,40,6,2025-09-20,2780.64
22,38,36,7,2025-09-04,1652.3500000000001
23,2,152,9,2025-05-04,2351.25
24,21,6,3,2025-06-03,901.3199999999999
25,33,66,3,2025-05-31,1115.1299999999999
26,12,75,7,2025-05-27,1884.8899999999999
27,22,4,4,2025-01-30,986.08
28,44,79,8,2025-08-28,3135.2
29,25,134,7,2025-05-28,1567.93
30,49,118,5,2025-01-27,1986.75
31,27,113,7,2024-11-24,1051.1899999999998
32,42,94,3,2025-03-16,546.96
33,28,179,2,2024-10-23,910.78
34,16,62,6,2025-03-28,287.52
35,15,185,2,2025-03-17,133.18
36,47,194,3,2025-05-30,1257.33
37,44,79,6,2025-01-22,2351.3999999999996
38,3,136,5,2025-08-02,2027.25
39,37,26,8,2025-01-11,215.84
40,7,179,9,2025-05-14,4424.13
41,21,173,3,2024-10-18,901.3199999999999
42,9,44,3,2025-02-10,232.20000000000002
43,39,133,3,2025-04-12,403.68
44,18,70,6,2024-10-25,2193.7799999999997
45,4,154,1,2025-01-25,489.23
46,25,118,7,2025-03-25,1567.93
47,14,68,1,2025-03-21,351.41
48,50,19,5,2024-10-11,96.6
49,9,20,8,2024-10-19,619.2
50,26,113,4,2025-02-17,1427.12
51,2,140,5,2025-08-15,1306.25
52,20,47,4,2025-01-16,1104.8
53,28,1,4,2024-10-26,1821.56
54,47,90,8,2025-06-04,3352.88
55,7,142,2,2025-08-28,983.14
56,44,64,1,2025-08-25,391.9
57,8,38,3,2024-11-01,1481.28
58,47,37,9,2025-05-23,3771.9900000000002
59,35,126,4,2025-05-15,1652.6
60,14,139,5,2025-04-11,1757.0500000000002
61,17,100,2,2025-02-23,708.8
62,36,77,4,2025-03-25,970.24
63,50,3,2,2025-05-10,38.64
64,40,161,2,2025-04-30,20.62
65,4,134,4,2025-07-31,1956.92
66,2,178,6,2025-07-10,1567.5
67,6,10,7,2025-09-09,1610.63
68,42,5,3,2024-10-12,546.96
69,4,151,3,2025-03-20,1467.69
70,29,138,6,2025-09-15,762.96
71,18,172,3,2025-08-07,1096.8899999999999
72,26,130,2,2025-05-07,713.56
73,44,13,8,2025-06-07,3135.2
74,34,168,5,2024-12-09,460.90000000000003
75,10,130,1,2025-01-29,173.84
76,36,84,3,2025-05-19,727.6800000000001
77,14,65,8,2025-03-30,2811.28
78,31,63,4,2025-04-09,1804.36
79,48,101,7,2024-11-24,1915.6200000000001
80,15,73,2,2024-10-21,133.18
81,8,17,7,2025-03-20,3456.3199999999997
82,14,9,5,2024-11-06,1757.0500000000002
83,23,143,5,2025-08-07,508.6
84,40,152,6,2025-09-11,61.86
85,21,38,9,2025-08-18,2703.96
86,16,163,6,2025-02-07,287.52
87,45,94,8,2025-07-01,3246.32
88,18,95,7,2024-10-29,2559.41
89,47,49,9,2025-04-10,3771.9900000000002
90,24,69,4,2025-06-04,1241.6
91,26,62,2,2024-12-03,713.56
92,25,188,7,2024-10-12,1567.93
93,45,178,6,2025-01-01,2434.7400000000002
94,41,78,1,2025-06-28,78.8
95,29,117,9,2025-03-16,1144.44
96,15,120,9,2025-03-16,599.3100000000001
97,45,137,2,2025-04-18,811.58
98,1,162,3,2025-04-18,1169.94
99,25,76,5,2025-05-21,1119.95
100,7,35,5,2024-11-27,2457.85
101,9,1,1,2025-02-15,77.4
102,24,40,8,2025-02-18,2483.2
103,1,64,8,2025-09-18,3119.84
104,44,150,4,2025-01-14,1567.6
105,8,60,7,2025-02-24,3456.3199999999997
106,24,64,3,2025-03-04,931.1999999999999
107,11,93,6,2025-07-24,69.6
108,17,72,9,2025-02-05,3189.6
109,8,11,1,2025-06-17,493.76
110,35,105,5,2025-05-17,2065.75
111,35,14,4,2024-10-17,1652.6
112,33,60,8,2025-07-30,2973.68
113,5,30,1,2025-05-30,210.99
114,42,35,9,2025-06-05,1640.8799999999999
115,39,165,6,2025-02-03,807.36
116,41,5,4,2024-10-22,315.2
117,28,83,9,2025-02-02,4098.51
118,7,123,5,2024-11-02,2457.85
119,9,78,5,2025-05-01,387.0
120,8,154,5,2025-06-17,2468.8
121,12,62,1,2025-02-24,269.27
122,34,132,1,2025-01-15,92.18
123,33,89,8,2025-01-02,2973.68
124,48,42,8,2025-07-05,2189.28
125,23,89,6,2025-08-23,610.3199999999999
126,24,146,4,2025-06-08,1241.6
127,37,40,2,2025-09-13,53.96
128,35,72,2,2025-05-19,826.3
129,44,39,9,2025-09-01,3527.1
130,40,104,5,2024-11-24,51.550000000000004
131,22,14,4,2025-02-03,986.08
132,27,32,1,2024-10-28,150.17
133,35,179,7,2025-05-11,2892.0499999999997
134,1,125,3,2025-06-11,1169.94
135,35,166,6,2024-11-20,2478.8999999999996
136,37,97,5,2025-09-18,134.9
137,47,23,5,2025-02-09,2095.55
138,14,63,5,2025-01-25,1757.0500000000002
139,3,143,1,2025-06-08,405.45
140,1,153,1,2025-06-25,389.98
141,5,145,3,2025-06-11,632.97
142,26,194,4,2025-02-26,1427.12
143,14,53,5,2024-11-16,1757.0500000000002
144,39,104,2,2025-05-16,269.12
145,27,104,8,2025-06-29,1201.36
146,9,179,2,2025-09-26,154.8
147,15,39,9,2024-10-29,599.3100000000001
148,15,179,2,2025-01-25,133.18
149,26,198,9,2025-05-02,3211.0199999999995
150,42,134,7,2025-02-20,1276.24
151,13,67,8,2025-06-03,3744.32
152,32,135,2,2025-07-31,350.72
153,39,179,7,2025-02-01,941.9200000000001
154,49,200,6,2025-08-08,2384.1000000000004
155,32,42,4,2024-11-15,701.44
156,4,192,7,2025-06-14,3424.61
157,30,15,4,2025-06-26,1853.76
158,37,111,2,2025-08-14,53.96
159,23,157,7,2025-07-10,712.04
160,39,33,8,2025-06-20,1076.48
161,45,155,2,2025-09-16,811.58
162,15,164,5,2025-04-19,332.95000000000005
163,43,157,1,2024-11-02,198.97
164,29,38,7,2025-06-04,890.12
165,36,185,8,2025-06-14,1940.48
166,13,97,6,2025-03-10,2808.2400000000002
167,32,155,5,2025-04-12,876.8000000000001
168,7,183,6,2025-02-14,2949.42
169,22,33,2,2024-10-04,493.04
170,28,196,1,2025-02-14,455.39
171,2,86,7,2025-01-24,1828.75
172,42,66,7,2024-12-06,1276.24
173,45,10,2,2024-12-19,811.58
174,6,5,2,2025-02-06,460.18
175,28,123,1,2025-07-21,455.39
176,28,74,8,2025-04-03,3643.12
177,44,97,8,2024-12-10,3135.2
178,44,118,1,2024-12-23,391.9
179,20,38,8,2024-11-19,2209.6
180,30,141,9,2024-11-26,4170.96
181,11,159,4,2024-10-26,46.4
182,28,47,1,2025-01-19,455.39
183,25,109,1,2025-08-20,223.99
184,39,180,3,2025-07-30,403.68
185,33,184,5,2024-11-05,1858.55
186,1,15,5,2025-04-12,1949.9
187,27,157,9,2025-07-23,1351.53
188,13,136,2,2025-04-24,936.08
189,41,5,2,2025-08-17,157.6
190,3,157,6,2025-07-10,2432.7
191,39,47,9,2025-09-05,1211.04
192,6,68,1,2025-04-19,230.09
193,8,76,9,2024-10-11,4443.84
194,27,173,9,2025-06-11,1351.53
195,9,130,9,2025-02-04,696.6
196,37,155,5,2025-09-02,134.9
197,33,95,9,2025-07-21,3345.39
198,42,115,4,2025-05-25,729.28
199,44,164,2,2024-11-16,783.8
200,24,36,6,2025-05-16,1862.3999999999999
201,15,26,4,2025-02-20,266.36
202,32,43,6,2024-11-25,1052.16
203,32,27,3,2024-11-29,526.08
204,24,69,6,2024-12-06,1862.3999999999999
205,41,148,2,2025-08-15,157.6
206,49,11,2,2025-06-23,794.7
207,49,74,9,2025-07-23,3576.15
208,12,104,7,2025-05-27,1884.8899999999999
209,39,38,3,2025-08-07,403.68
210,2,134,1,2025-09-12,261.25
211,3,200,8,2024-11-30,3243.6
212,49,23,6,2025-07-04,2384.1000000000004
213,37,47,7,2025-03-15,188.86
214,49,90,9,2024-10-13,3576.15
215,17,46,5,2025-03-05,1772.0
216,49,107,1,2025-02-15,397.35
217,2,140,7,2025-06-16,1828.75
218,2,141,5,2025-07-03,1306.25
219,28,104,3,2024-12-28,1366.17
220,23,190,9,2025-03-18,915.48
221,37,111,1,2025-05-22,26.98
222,32,104,1,2025-01-15,175.36
223,33,60,1,2025-07-16,371.71
224,1,171,3,2025-07-14,1169.94
225,19,100,6,2025-07-28,1761.1799999999998
226,2,68,3,2025-03-20,783.75
227,44,133,8,2024-12-26,3135.2
228,26,120,2,2025-04-22,713.56
229,32,37,9,2024-12-28,1578.2400000000002
230,6,72,3,2025-01-25,690.27
231,32,127,5,2025-08-07,876.8000000000001
232,4,106,8,2025-07-28,3913.84
233,11,92,2,2025-03-28,23.2
234,17,31,6,2025-09-13,2126.3999999999996
235,38,122,5,2025-08-17,1180.25
236,24,137,9,2024-12-11,2793.6
237,5,51,5,2025-02-16,1054.95
238,34,29,2,2025-06-17,184.36
239,6,40,5,2025-05-06,1150.45
240,22,41,4,2025-03-17,986.08
241,11,11,7,2025-03-25,81.2
242,48,151,6,2025-07-22,1641.96
243,16,1,2,2025-01-14,95.84
244,33,46,5,2025-07-26,1858.55
245,9,101,7,2025-02-22,541.8000000000001
246,6,149,7,2025-04-10,1610.63
247,16,90,5,2025-04-19,239.60000000000002
248,29,110,9,2025-03-08,1144.44
249,3,164,4,2024-11-28,1621.8
250,20,182,3,2025-08-10,828.5999999999999
251,36,57,4,2024-12-13,970.24
252,19,1,5,2025-08-04,1467.6499999999999
253,26,63,6,2025-05-19,2140.68
254,3,182,3,2024-11-19,1216.35
255,19,55,2,2025-09-01,587.06
256,20,115,4,2025-01-02,1104.8
257,32,168,5,2024-10-17,876.8000000000001
258,7,143,4,2025-06-03,1966.28
259,41,149,3,2025-04-01,236.39999999999998
260,33,175,8,2025-09-01,2973.68
261,40,53,4,2025-02-18,41.24
262,39,137,2,2025-04-30,269.12
263,18,180,2,2025-09-24,731.26
264,40,57,1,2024-11-05,10.31
265,1,117,4,2025-06-30,1559.92
266,11,154,9,2025-08-21,104.39999999999999
267,28,169,7,2025-04-15,3187.73
268,25,35,7,2025-08-23,1567.93
269,50,63,7,2024-11-14,135.24
270,23,25,8,2025-01-15,813.76
271,31,90,1,2024-10-29,451.09
272,30,75,8,2025-07-20,3707.52
273,42,38,4,2024-11-28,729.28
274,35,130,4,2025-01-10,1652.6
275,7,135,4,2025-03-20,1966.28
276,16,162,6,2025-09-13,287.52
277,26,91,7,2025-04-14,2497.46
278,48,17,6,2024-11-23,1641.96
279,49,128,1,2025-08-15,397.35
280,2,171,8,2025-03-15,2090.0
281,1,187,7,2024-11-01,2729.86
282,48,108,6,2025-09-15,1641.96
283,12,179,6,2024-12-22,1615.62
284,5,182,5,2025-08-10,1054.95
285,37,152,6,2025-03-21,161.88
286,32,25,9,2025-09-05,1578.2400000000002
287,9,199,9,2025-02-09,696.6
288,41,180,8,2025-09-23,630.4
289,35,198,9,2024-10-07,3718.35
290,19,88,8,2025-03-07,2348.24
291,48,161,8,2024-10-17,2189.28
292,16,177,1,2025-02-27,47.92
293,3,29,5,2025-04-09,2027.25
294,20,63,4,2025-02-19,1104.8
295,24,150,2,2024-12-27,620.8
296,33,154,8,2025-02-23,2973.68
297,24,156,3,2024-10-28,931.1999999999999
298,11,114,4,2025-02-19,46.4
299,49,49,7,2024-12-23,2781.4500000000003
300,8,199,9,2024-10-07,4443.84
301,36,81,2,2025-01-28,485.12
302,38,84,3,2025-09-23,708.1500000000001
303,40,105,4,2024-11-04,41.24
304,20,177,1,2025-08-18,276.2
305,35,148,7,2025-07-01,2892.0499999999997
306,48,118,2,2025-06-06,547.32
307,25,86,5,2025-02-04,1119.95
308,35,63,1,2025-07-31,413.15
309,25,189,3,2024-11-22,671.97
310,29,104,2,2024-11-19,254.32
311,18,49,1,2024-10-11,365.63
312,46,71,7,2025-01-16,2191.84
313,18,1,5,2025-09-18,1828.15
314,2,141,1,2025-08-15,261.25
315,35,179,6,2025-03-29,2478.8999999999996
316,16,123,5,2025-06-24,239.60000000000002
317,41,184,3,2025-08-15,236.39999999999998
318,36,62,7,2024-11-19,1697.92
319,33,32,9,2025-07-18,3345.39
320,4,158,9,2025-06-28,4403.07
321,33,29,9,2025-03-28,3345.39
322,14,49,2,2025-03-20,702.82
323,21,173,3,2025-05-23,901.3199999999999
324,48,30,7,2024-09-29,1915.6200000000001
325,20,144,5,2025-09-13,1381.0
326,8,168,2,2024-10-27,987.52
327,7,19,3,2024-10-04,1474.71
328,3,18,6,2025-01-04,2432.7
329,17,1,7,2024-12-19,2480.7999999999997
330,33,78,9,2025-08-17,3345.39
331,48,115,1,2024-11-24,273.66
332,12,175,7,2025-04-28,1884.8899999999999
333,22,194,8,2025-09-27,1972.16
334,22,113,3,2025-07-06,739.5600000000001
335,46,114,4,2025-05-21,1252.48
336,30,166,6,2025-04-19,2780.64
337,38,179,7,2025-03-10,1652.3500000000001
338,38,63,4,2024-11-09,944.2
339,45,132,8,2025-07-25,3246.32
340,8,129,5,2025-01-16,2468.8
341,27,8,1,2024-12-28,150.17
342,27,157,4,2025-01-21,600.68
343,34,55,3,2024-11-13,276.54
344,21,103,9,2024-10-15,2703.96
345,30,131,8,2024-12-28,3707.52
346,33,32,1,2025-03-09,371.71
347,28,10,6,2025-06-02,2732.34
348,47,110,9,2025-08-01,3771.9900000000002
349,33,162,7,2025-05-26,2601.97
350,5,124,4,2025-03-23,843.96
351,48,87,1,2024-10-21,273.66
352,19,55,2,2024-11-09,587.06
353,4,32,5,2025-08-17,2446.15
354,35,178,5,2025-09-13,2065.75
355,49,135,8,2025-04-09,3178.8
356,17,93,6,2025-05-16,2126.3999999999996
357,44,8,8,2025-04-23,3135.2
358,28,65,2,2024-10-03,910.78
359,30,57,3,2025-05-30,1390.32
360,29,67,6,2025-04-15,762.96
361,46,187,3,2025-05-08,939.36
362,6,72,6,2024-12-29,1380.54
363,35,54,6,2025-07-03,2478.8999999999996
364,41,67,2,2024-11-21,157.6
365,37,51,7,2025-01-18,188.86
366,24,97,2,2025-03-12,620.8
367,29,92,6,2024-09-27,762.96
368,49,8,1,2025-05-23,397.35
369,46,162,3,2025-02-11,939.36
370,31,35,2,2024-12-29,902.18
371,35,96,7,2025-05-06,2892.0499999999997
372,33,88,4,2025-03-07,1486.84
373,21,78,8,2024-12-08,2403.52
374,32,32,6,2025-06-12,1052.16
375,23,120,4,2025-06-13,406.88
376,33,46,5,2024-10-30,1858.55
377,3,144,9,2025-04-18,3649.0499999999997
378,18,196,7,2025-02-14,2559.41
379,25,165,9,2024-10-23,2015.91
380,42,182,7,2025-04-19,1276.24
381,31,142,1,2025-04-26,451.09
382,3,55,8,2025-04-12,3243.6
383,40,176,4,2025-07-29,41.24
384,46,7,3,2025-04-12,939.36
385,24,74,7,2025-04-30,2172.7999999999997
386,50,7,3,2024-10-04,57.96
387,32,161,8,2025-02-25,1402.88
388,47,151,6,2025-09-01,2514.66
389,22,85,5,2025-03-28,1232.6000000000001
390,23,147,4,2024-10-13,406.88
391,2,112,8,2025-05-31,2090.0
392,27,125,8,2025-02-24,1201.36
393,42,147,1,2025-02-18,182.32
394,2,36,9,2025-01-03,2351.25
395,26,29,5,2025-07-14,1783.8999999999999
396,17,188,4,2024-10-03,1417.6
397,40,82,6,2025-02-12,61.86
398,33,2,6,2025-07-30,2230.2599999999998
399,9,129,2,2024-10-23,154.8
400,43,47,8,2025-02-07,1591.76
401,48,197,7,2024-12-29,1915.6200000000001
402,39,148,1,2025-07-08,134.56
403,29,11,5,2025-06-09,635.8
404,42,130,6,2025-05-28,1093.92
405,26,195,4,2024-11-06,1427.12
406,35,119,2,2025-07-23,826.3
407,50,140,4,2025-05-10,77.28
408,25,20,1,2025-07-09,223.99
409,24,5,7,2025-07-17,2172.7999999999997
410,13,37,2,2025-02-03,936.08
411,7,166,2,2024-11-17,983.14
412,36,137,9,2024-10-14,2183.04
413,45,53,5,2025-02-10,2028.95
414,20,172,2,2025-04-27,552.4
415,1,99,9,2025-02-05,3509.82
416,8,86,9,2025-08-08,4443.84
417,46,108,1,2025-06-03,313.12
418,16,24,3,2024-12-03,143.76
419,14,81,4,2025-08-15,1405.64
420,12,158,7,2025-07-26,1884.8899999999999
421,23,120,4,2025-06-19,406.88
422,15,59,2,2025-03-26,133.18
423,28,128,7,2025-06-24,3187.73
424,34,114,6,2025-03-31,553.08
425,2,115,3,2025-05-30,783.75
426,32,14,6,2024-12-06,1052.16
427,23,9,6,2025-08-08,610.3199999999999
428,22,40,5,2024-11-18,1232.6000000000001
429,25,194,4,2024-10-21,895.96
430,22,25,1,2025-07-02,246.52
431,22,103,6,2025-07-25,1479.1200000000001
432,49,22,2,2025-03-23,794.7
433,42,4,3,2024-10-11,546.96
434,6,154,8,2025-01-18,1840.72
435,15,186,6,2024-12-14,399.54
436,43,29,3,2024-10-14,596.91
437,37,109,7,2025-07-31,188.86
438,33,98,4,2024-12-13,1486.84
439,8,37,9,2025-09-06,4443.84
440,44,75,5,2024-10-13,1959.5
441,44,70,3,2025-01-27,1175.6999999999998
442,5,146,2,2025-09-24,421.98
443,39,128,2,2025-01-25,269.12
444,4,85,3,2025-04-15,1467.69
445,6,42,2,2025-02-28,460.18
446,45,100,4,2025-08-09,1623.16
447,32,41,2,2025-04-25,350.72
448,30,166,9,2025-03-29,4170.96
449,47,34,2,2025-01-03,838.22
450,35,17,9,2024-10-11,3718.35
451,40,165,6,2025-07-16,61.86
452,16,153,1,2025-06-05,47.92
453,13,122,4,2024-12-10,1872.16
454,50,76,1,2025-01-16,19.32
455,42,87,6,2025-02-12,1093.92
456,30,117,4,2025-08-27,1853.76
457,19,106,3,2025-07-27,880.5899999999999
458,17,86,3,2024-10-15,1063.1999999999998
459,19,27,9,2025-08-29,2641.7699999999995
460,28,57,6,2025-06-08,2732.34
461,26,31,9,2025-02-02,3211.0199999999995
462,37,134,5,2025-01-11,134.9
463,26,168,2,2024-11-14,713.56
464,23,98,8,2025-08-03,813.76
465,9,12,5,2025-02-16,387.0
466,12,53,2,2025-03-15,538.54
467,1,199,4,2025-09-07,1559.92
468,1,138,9,2025-03-01,3509.82
469,47,173,4,2025-07-12,1676.44
470,34,145,4,2025-03-16,368.72
471,32,154,2,2025-09-09,350.72
472,48,190,6,2025-02-24,1641.96
473,25,122,2,2025-02-05,447.98
474,40,46,7,2024-12-08,72.17
475,45,64,3,2025-04-07,1217.3700000000001
476,1,130,3,2025-06-22,1169.94
477,16,54,5,2025-04-08,239.60000000000002
478,39,107,3,2025-02-16,403.68
479,5,193,2,2025-09-20,421.98
480,22,51,9,2025-08-02,2218.6800000000003
481,29,181,2,2025-04-16,254.32
482,3,36,2,2025-01-08,810.9
483,12,115,8,2025-08-04,2154.16
484,26,26,9,2024-10-29,3211.0199999999995
485,16,29,7,2025-07-06,335.44
486,37,149,3,2025-03-10,80.94
487,22,11,9,2024-10-27,2218.6800000000003
488,29,40,3,2025-03-13,381.48
489,14,11,5,2025-05-18,1757.0500000000002
490,28,164,9,2025-08-12,4098.51
491,5,113,3,2024-12-06,632.97
492,47,187,7,2025-04-26,2933.77
493,49,39,1,2025-01-19,397.35
494,30,54,4,2025-01-29,1853.76
495,46,98,4,2024-11-05,1252.48
496,5,55,7,2024-10-28,1476.93
497,12,111,8,2025-02-01,2154.16
498,16,152,1,2025-06-10,47.92
499,26,150,5,2025-01-19,1783.8999999999999
500,26,69,7,2025-01-24,2497.46
501,48,56,4,2025-03-19,1094.64
502,21,33,4,2025-05-19,1201.76
503,39,36,4,2025-07-02,538.24
504,36,148,6,2025-03-11,1455.3600000000001
505,33,81,7,2024-11-30,2601.97
506,30,190,2,2025-06-21,926.88
507,37,109,5,2025-03-18,134.9
508,23,154,4,2025-02-10,406.88
509,10,194,3,2025-03-19,521.52
510,5,73,7,2024-10-13,1476.93
511,36,40,6,2025-07-06,1455.3600000000001
512,34,17,7,2025-08-30,645.26
513,31,129,5,2025-09-16,2255.45
514,10,61,6,2025-02-10,1043.04
515,19,171,5,2025-05-23,1467.6499999999999
516,32,104,7,2025-03-14,1227.52
517,1,42,2,2025-01-11,779.96
518,5,25,5,2025-06-02,1054.95
519,45,39,6,2025-07-31,2434.7400000000002
520,4,35,6,2024-10-19,2935.38
521,16,131,5,2024-10-26,239.60000000000002
522,24,108,7,2025-06-14,2172.7999999999997
523,16,172,8,2025-06-01,383.36
524,2,179,7,2025-03-03,1828.75
525,49,102,5,2025-02-15,1986.75
526,28,98,1,2025-04-14,455.39
527,32,12,5,2025-08-04,876.8000000000001
528,27,19,2,2025-07-15,300.34
529,20,101,5,2025-06-17,1381.0
530,24,44,5,2024-11-28,1552.0
531,12,187,2,2024-10-09,538.54
532,50,49,5,2024-11-21,96.6
533,35,189,4,2025-08-22,1652.6
534,33,17,1,2025-05-20,371.71
535,33,74,3,2025-06-17,1115.1299999999999
536,43,57,1,2025-07-27,198.97
537,37,55,5,2025-03-16,134.9
538,12,47,4,2024-10-10,1077.08
539,3,12,7,2024-11-15,2838.15
540,1,62,5,2024-10-23,1949.9
541,33,80,4,2024-12-27,1486.84
542,40,83,2,2025-07-26,20.62
543,10,8,4,2025-06-04,695.36
544,43,149,2,2025-02-16,397.94
545,44,81,8,2025-02-14,3135.2
546,29,118,3,2025-02-22,381.48
547,13,198,9,2025-05-05,4212.360000000001
548,12,200,4,2024-10-09,1077.08
549,31,25,6,2025-05-19,2706.54
550,46,89,5,2024-11-25,1565.6
551,2,12,1,2025-06-17,261.25
552,50,143,9,2025-03-20,173.88
553,35,59,1,2025-02-18,413.15
554,23,154,8,2025-02-18,813.76
555,17,109,9,2025-03-18,3189.6
556,26,26,9,2025-07-20,3211.0199999999995
557,8,47,1,2024-10-26,493.76
558,29,32,2,2025-05-07,254.32
559,26,10,1,2024-11-19,356.78
560,10,16,2,2025-04-20,347.68
561,26,199,8,2025-02-16,2854.24
562,34,145,5,2025-02-28,460.90000000000003
563,41,151,7,2025-01-27,551.6
564,7,26,2,2025-06-06,983.14
565,4,86,8,2025-01-13,3913.84
566,50,135,6,2025-01-01,115.92
567,45,14,8,2024-11-10,3246.32
568,11,79,1,2024-10-07,11.6
569,29,117,1,2025-07-09,127.16
570,36,7,7,2024-12-08,1697.92
571,25,137,8,2025-04-08,1791.92
572,21,115,3,2025-04-16,901.3199999999999
573,36,176,5,2025-02-24,1212.8
574,10,72,1,2025-09-16,173.84
575,37,59,7,2025-05-03,188.86
576,9,82,5,2024-11-11,387.0
577,24,116,8,2025-01-06,2483.2
578,35,167,8,2025-07-24,3305.2
579,49,146,9,2025-01-06,3576.15
580,35,187,7,2025-06-27,2892.0499999999997
581,48,103,1,2025-03-19,273.66
582,36,17,3,2024-12-19,727.6800000000001
583,18,14,8,2025-05-22,2925.04
584,49,159,3,2025-01-15,1192.0500000000002
585,39,152,8,2025-06-23,1076.48
586,32,108,1,2025-09-17,175.36
587,24,188,5,2025-04-05,1552.0
588,23,45,4,2024-12-13,406.88
589,32,98,5,2024-11-13,876.8000000000001
590,37,131,8,2024-11-18,215.84
591,12,37,4,2025-08-24,1077.08
592,49,171,4,2024-10-25,1589.4
593,13,168,3,2025-03-21,1404.1200000000001
594,23,183,7,2024-12-03,712.04
595,25,108,3,2025-09-11,671.97
596,35,39,3,2025-07-01,1239.4499999999998
597,41,15,5,2025-03-18,394.0
598,30,120,5,2024-10-31,2317.2
599,17,4,6,2025-08-07,2126.3999999999996
600,49,93,8,2025-06-18,3178.8
601,20,153,6,2025-08-21,1657.1999999999998
602,48,141,1,2025-01-29,273.66
603,25,161,8,2025-06-13,1791.92
604,22,16,8,2025-02-08,1972.16
605,13,170,9,2025-06-29,4212.360000000001
606,19,108,9,2024-10-22,2641.7699999999995
607,49,126,2,2025-04-28,794.7
608,36,194,2,2025-04-25,485.12
609,12,55,3,2025-01-17,807.81
610,41,170,1,2025-09-08,78.8
611,19,34,4,2025-01-21,1174.12
612,12,158,4,2025-08-23,1077.08
613,9,13,9,2024-11-27,696.6
614,7,141,9,2025-06-30,4424.13
615,28,18,9,2025-06-29,4098.51
616,14,160,7,2025-09-22,2459.8700000000003
617,31,96,2,2025-06-25,902.18
618,19,123,5,2025-06-01,1467.6499999999999
619,47,39,4,2024-12-03,1676.44
620,16,46,8,2025-08-01,383.36
621,5,29,2,2025-02-14,421.98
622,35,190,6,2025-04-12,2478.8999999999996
623,12,62,5,2024-12-23,1346.35
624,25,185,2,2024-11-13,447.98
625,21,16,1,2024-12-14,300.44
626,36,184,8,2025-07-31,1940.48
627,23,121,2,2024-11-19,203.44
628,16,10,7,2024-12-27,335.44
629,39,158,9,2025-07-30,1211.04
630,45,153,9,2025-04-06,3652.11
631,42,103,8,2024-10-07,1458.56
632,39,84,9,2025-02-14,1211.04
633,14,133,2,2025-04-30,702.82
634,31,65,6,2025-05-07,2706.54
635,5,177,4,2025-02-17,843.96
636,35,3,4,2025-03-27,1652.6
637,23,173,5,2025-08-05,508.6
638,29,142,3,2025-04-29,381.48
639,43,120,1,2024-11-16,198.97
640,11,158,8,2025-05-22,92.8
641,18,68,5,2025-09-05,1828.15
642,47,146,3,2024-10-30,1257.33
643,12,190,7,2024-10-22,1884.8899999999999
644,9,37,7,2025-01-25,541.8000000000001
645,10,153,1,2025-02-28,173.84
646,44,176,9,2025-07-02,3527.1
647,17,193,2,2025-07-03,708.8
648,38,181,5,2025-03-31,1180.25
649,7,73,5,2025-04-19,2457.85
650,46,143,8,2025-03-05,2504.96
651,13,49,8,2025-07-22,3744.32
652,40,121,7,2025-03-05,72.17
653,42,88,7,2025-08-12,1276.24
654,9,196,6,2025-05-08,464.40000000000003
655,50,140,6,2024-10-25,115.92
656,27,187,9,2024-11-14,1351.53
657,2,37,6,2025-01-28,1567.5
658,5,61,2,2025-06-03,421.98
659,29,171,2,2024-10-25,254.32
660,37,124,5,2025-03-20,134.9
661,38,198,4,2025-03-26,944.2
662,19,39,2,2025-06-18,587.06
663,8,184,3,2025-04-15,1481.28
664,48,63,7,2025-02-07,1915.6200000000001
665,45,46,8,2024-11-15,3246.32
666,1,88,6,2025-09-02,2339.88
667,22,11,5,2025-08-14,1232.6000000000001
668,17,62,1,2025-07-27,354.4
669,7,77,8,2025-04-29,3932.56
670,25,153,3,2025-06-02,671.97
671,45,199,6,2025-05-13,2434.7400000000002
672,4,52,3,2024-12-06,1467.69
673,36,4,7,2025-07-22,1697.92
674,6,59,7,2024-11-16,1610.63
675,31,72,9,2025-03-14,4059.81
676,19,148,5,2025-04-10,1467.6499999999999
677,44,93,8,2025-09-15,3135.2
678,39,63,8,2025-08-30,1076.48
679,27,54,1,2024-10-18,150.17
680,10,117,5,2025-08-15,869.2
681,26,110,3,2024-11-14,1070.34
682,19,74,1,2025-04-16,293.53
683,39,107,4,2024-11-25,538.24
684,3,57,8,2025-01-23,3243.6
685,45,169,3,2024-11-29,1217.3700000000001
686,13,3,2,2024-11-28,936.08
687,50,120,9,2025-01-30,173.88
688,28,6,5,2025-09-25,2276.95
689,20,5,7,2025-06-29,1933.3999999999999
690,28,5,2,2024-12-23,910.78
691,8,54,9,2025-02-08,4443.84
692,41,47,9,2025-09-27,709.1999999999999
693,39,177,4,2025-04-16,538.24
694,1,9,4,2025-09-09,1559.92
695,3,99,6,2025-01-15,2432.7
696,13,20,6,2025-08-21,2808.2400000000002
697,28,122,1,2024-10-27,455.39
698,49,61,9,2025-01-02,3576.15
699,25,123,2,2024-12-12,447.98
700,33,163,5,2025-05-31,1858.55
701,38,178,9,2025-04-28,2124.4500000000003
702,6,82,4,2025-01-11,920.36
703,44,62,3,2024-11-14,1175.6999999999998
704,45,145,7,2025-05-27,2840.53
705,32,3,6,2025-01-22,1052.16
706,45,160,8,2025-05-23,3246.32
707,47,13,3,2025-04-22,1257.33
708,21,120,5,2024-11-02,1502.2
709,16,125,4,2025-04-10,191.68
710,21,89,4,2025-06-02,1201.76
711,11,73,4,2024-12-01,46.4
712,37,68,8,2025-05-14,215.84
713,36,142,6,2025-09-27,1455.3600000000001
714,35,101,3,2025-05-10,1239.4499999999998
715,19,98,5,2024-11-25,1467.6499999999999
716,20,11,6,2024-12-02,1657.1999999999998
717,18,105,5,2025-06-09,1828.15
718,47,184,6,2025-05-27,2514.66
719,41,67,8,2025-07-03,630.4
720,49,123,7,2025-09-12,2781.4500000000003
721,14,29,5,2025-05-20,1757.0500000000002
722,15,137,6,2025-02-05,399.54
723,31,195,4,2025-08-20,1804.36
724,1,153,9,2025-09-20,3509.82
725,3,76,4,2025-05-03,1621.8
726,16,170,1,2024-10-12,47.92
727,23,9,7,2025-08-13,712.04
728,11,40,7,2025-08-28,81.2
729,12,25,4,2024-10-08,1077.08
730,10,5,3,2024-10-28,521.52
731,32,139,8,2024-10-14,1402.88
732,16,187,5,2025-06-03,239.60000000000002
733,8,124,7,2025-07-23,3456.3199999999997
734,38,38,4,2025-05-08,944.2
735,12,72,4,2025-01-07,1077.08
736,24,133,8,2025-06-06,2483.2
737,28,176,8,2024-12-17,3643.12
738,8,90,2,2025-07-21,987.52
739,28,146,2,2025-05-07,910.78
740,36,198,3,2025-03-07,727.6800000000001
741,26,37,3,2025-05-25,1070.34
742,8,60,1,2025-06-02,493.76
743,50,176,3,2024-10-08,57.96
744,28,28,6,2025-04-08,2732.34
745,28,197,8,2025-09-07,3643.12
746,37,81,6,2025-05-28,161.88
747,41,114,5,2025-04-26,394.0
748,36,40,4,2025-01-17,970.24
749,27,45,3,2025-06-03,450.51
750,17,62,4,2025-01-22,1417.6
751,9,93,7,2025-04-02,541.8000000000001
752,33,115,1,2024-12-31,371.71
753,20,186,7,2025-08-05,1933.3999999999999
754,13,67,1,2025-08-06,468.04
755,28,56,2,2025-06-20,910.78
756,48,40,4,2025-03-03,1094.64
757,29,98,1,2025-01-20,127.16
758,13,40,9,2025-03-22,4212.360000000001
759,46,91,6,2024-10-25,1878.72
760,35,33,1,2025-06-21,413.15
761,6,6,1,2024-10-20,230.09
762,18,147,6,2024-11-27,2193.7799999999997
763,5,80,4,2025-03-16,843.96
764,47,168,4,2025-03-07,1676.44
765,25,92,6,2025-04-03,1343.94
766,2,97,7,2025-03-26,1828.75
767,10,59,9,2024-12-15,1564.56
768,30,59,5,2025-02-06,2317.2
769,50,48,9,2025-05-20,173.88
770,45,169,4,2024-11-21,1623.16
771,5,13,2,2025-01-26,421.98
772,33,107,3,2025-08-27,1115.1299999999999
773,1,45,1,2025-07-02,389.98
774,18,89,6,2025-01-29,2193.7799999999997
775,32,181,6,2025-07-09,1052.16
776,47,170,1,2025-08-27,419.11
777,49,100,3,2025-02-08,1192.0500000000002
778,11,191,5,2025-02-28,58.0
779,21,155,3,2024-11-16,901.3199999999999
780,26,166,3,2025-07-19,1070.34
781,25,188,3,2025-02-17,671.97
782,22,7,5,2025-04-14,1232.6000000000001
783,27,133,5,2025-05-03,750.8499999999999
784,49,45,4,2024-11-07,1589.4
785,13,58,1,2025-01-28,468.04
786,33,31,5,2024-12-29,1858.55
787,34,23,5,2025-03-27,460.90000000000003
788,41,170,4,2024-11-13,315.2
789,35,138,6,2025-01-08,2478.8999999999996
790,1,160,4,2025-03-20,1559.92
791,21,107,7,2025-01-01,2103.08
792,48,181,7,2024-11-20,1915.6200000000001
793,6,158,2,2024-11-03,460.18
794,28,39,3,2024-10-16,1366.17
795,17,159,1,2025-01-17,354.4
796,5,82,8,2025-02-23,1687.92
797,31,100,9,2025-08-28,4059.81
798,5,2,4,2025-05-23,843.96
799,38,77,6,2025-03-08,1416.3000000000002
800,3,12,9,2025-01-01,3649.0499999999997
801,23,39,6,2025-08-29,610.3199999999999
802,37,194,9,2025-09-12,242.82
803,37,13,4,2024-11-28,107.92
804,10,46,8,2025-08-08,1390.72
805,10,155,9,2025-02-01,1564.56
806,19,113,4,2025-09-24,1174.12
807,17,17,5,2025-05-09,1772.0
808,21,104,8,2025-07-04,2403.52
809,14,98,6,2025-01-26,2108.46
810,9,188,7,2024-12-09,541.8000000000001
811,46,192,3,2025-07-20,939.36
812,1,88,7,2024-11-27,2729.86
813,45,109,8,2025-04-08,3246.32
814,13,163,6,2025-04-14,2808.2400000000002
815,4,70,9,2025-03-27,4403.07
816,1,158,6,2025-04-08,2339.88
817,49,199,9,2025-09-03,3576.15
818,40,74,4,2025-01-24,41.24
819,32,63,8,2025-04-08,1402.88
820,34,156,4,2024-10-06,368.72
821,28,60,2,2024-10-31,910.78
822,31,79,9,2025-02-26,4059.81
823,8,37,5,2025-04-11,2468.8
824,39,22,4,2025-03-23,538.24
825,26,196,2,2024-12-29,713.56
826,34,148,1,2024-12-19,92.18
827,3,96,7,2025-05-11,2838.15
828,50,68,6,2025-02-11,115.92
829,12,192,2,2024-10-15,538.54
830,1,17,8,2024-10-16,3119.84
831,44,12,4,2025-01-14,1567.6
832,5,150,8,2025-04-07,1687.92
833,30,145,7,2025-05-17,3244.08
834,30,138,5,2025-09-04,2317.2
835,17,118,8,2025-08-20,2835.2
836,48,193,9,2025-06-08,2462.94
837,47,22,5,2025-06-15,2095.55
838,23,120,5,2025-03-28,508.6
839,15,50,2,2025-01-15,133.18
840,37,14,5,2025-04-23,134.9
841,21,192,3,2024-09-30,901.3199999999999
842,14,175,7,2025-08-22,2459.8700000000003
843,2,29,5,2024-11-07,1306.25
844,11,164,8,2025-03-13,92.8
845,39,180,1,2024-11-18,134.56
846,38,125,3,2025-09-04,708.1500000000001
847,34,7,3,2025-01-07,276.54
848,38,29,9,2025-07-06,2124.4500000000003
849,50,139,5,2025-02-16,96.6
850,34,33,9,2025-07-20,829.6200000000001
851,18,134,9,2025-03-02,3290.67
852,30,111,1,2025-02-16,463.44
853,15,79,2,2024-10-14,133.18
854,27,160,5,2025-03-01,750.8499999999999
855,34,179,4,2024-10-16,368.72
856,38,58,9,2025-05-06,2124.4500000000003
857,33,26,7,2025-05-03,2601.97
858,24,174,6,2024-12-11,1862.3999999999999
859,15,29,7,2025-02-14,466.13
860,30,4,1,2025-04-29,463.44
861,42,99,1,2025-01-17,182.32
862,17,141,8,2024-10-25,2835.2
863,5,39,2,2025-02-24,421.98
864,29,15,9,2025-04-10,1144.44
865,4,119,7,2025-03-20,3424.61
866,10,29,6,2025-07-20,1043.04
867,17,157,1,2025-04-28,354.4
868,10,75,1,2025-01-13,173.84
869,17,116,2,2025-08-13,708.8
870,20,32,6,2025-05-27,1657.1999999999998
871,24,130,6,2025-06-18,1862.3999999999999
872,5,175,2,2025-05-22,421.98
873,34,84,1,2024-11-12,92.18
874,6,22,5,2024-11-15,1150.45
875,2,27,5,2024-11-03,1306.25
876,13,195,2,2025-02-26,936.08
877,43,81,6,2025-02-18,1193.82
878,43,126,9,2025-08-01,1790.73
879,48,184,2,2025-02-05,547.32
880,11,92,2,2025-05-01,23.2
881,47,21,3,2025-09-26,1257.33
882,23,47,7,2025-02-15,712.04
883,16,101,6,2025-07-17,287.52
884,31,187,8,2024-11-22,3608.72
885,11,84,8,2024-12-13,92.8
886,16,6,6,2025-05-18,287.52
887,8,147,3,2025-04-12,1481.28
888,4,185,3,2025-03-01,1467.69
889,40,197,1,2025-04-09,10.31
890,4,131,7,2024-10-12,3424.61
891,25,1,5,2024-10-14,1119.95
892,3,58,4,2024-10-12,1621.8
893,32,124,4,2024-11-19,701.44
894,3,166,4,2025-07-01,1621.8
895,27,15,6,2025-02-03,901.02
896,29,162,8,2025-08-05,1017.28
897,32,189,8,2025-03-29,1402.88
898,50,163,5,2025-04-16,96.6
899,19,64,6,2025-03-23,1761.1799999999998
900,21,25,4,2024-11-23,1201.76
901,5,24,9,2025-05-20,1898.91
902,18,12,8,2025-09-08,2925.04
903,28,18,1,2025-04-15,455.39
904,42,15,2,2024-11-20,364.64
905,22,27,9,2025-02-01,2218.6800000000003
906,21,72,8,2025-09-23,2403.52
907,6,60,3,2025-05-23,690.27
908,1,174,8,2025-01-28,3119.84
909,5,145,1,2024-11-29,210.99
910,41,93,4,2025-02-26,315.2
911,12,53,3,2025-05-24,807.81
912,26,8,6,2025-07-11,2140.68
913,46,79,7,2025-08-20,2191.84
914,34,27,4,2025-01-21,368.72
915,49,174,7,2025-05-15,2781.4500000000003
916,14,50,9,2025-02-04,3162.69
917,26,199,2,2025-04-12,713.56
918,45,131,3,2025-08-14,1217.3700000000001
919,27,93,5,2025-04-12,750.8499999999999
920,9,192,3,2025-04-21,232.20000000000002
921,26,172,8,2025-04-05,2854.24
922,47,181,8,2025-06-29,3352.88
923,22,24,8,2025-05-03,1972.16
924,47,60,9,2025-01-21,3771.9900000000002
925,30,122,4,2025-03-30,1853.76
926,43,131,5,2025-08-09,994.85
927,48,148,5,2024-10-03,1368.3000000000002
928,17,46,8,2025-02-17,2835.2
929,26,15,7,2025-02-02,2497.46
930,36,153,9,2025-06-15,2183.04
931,1,199,8,2024-11-08,3119.84
932,8,17,2,2025-03-07,987.52
933,49,126,4,2025-05-11,1589.4
934,35,84,6,2025-01-24,2478.8999999999996
935,15,9,2,2025-08-02,133.18
936,47,166,7,2025-09-11,2933.77
937,22,176,3,2025-07-05,739.5600000000001
938,14,188,3,2025-08-31,1054.23
939,26,63,2,2025-06-21,713.56
940,28,117,8,2025-05-29,3643.12
941,23,130,6,2024-10-07,610.3199999999999
942,14,88,1,2025-05-16,351.41
943,24,72,1,2025-03-30,310.4
944,2,139,7,2025-01-08,1828.75
945,45,64,8,2025-06-08,3246.32
946,26,72,5,2025-07-28,1783.8999999999999
947,14,21,5,2025-07-25,1757.0500000000002
948,7,18,4,2025-05-09,1966.28
949,3,64,6,2025-05-09,2432.7
950,47,82,6,2024-12-24,2514.66
951,23,110,3,2025-07-04,305.15999999999997
952,46,95,9,2024-10-16,2818.08
953,43,166,7,2025-05-11,1392.79
954,47,32,1,2025-04-01,419.11
955,45,11,7,2024-12-02,2840.53
956,18,45,5,2025-04-18,1828.15
957,38,33,5,2025-05-29,1180.25
958,35,102,2,2025-07-04,826.3
959,15,169,4,2025-05-25,266.36
960,25,136,6,2025-07-24,1343.94
961,37,11,7,2025-08-19,188.86
962,28,179,5,2025-02-21,2276.95
963,10,88,9,2024-11-23,1564.56
964,39,41,3,2025-08-12,403.68
965,17,145,1,2025-06-18,354.4
966,39,76,4,2024-12-30,538.24
967,22,121,9,2024-10-09,2218.6800000000003
968,26,46,4,2025-05-07,1427.12
969,44,160,2,2025-06-26,783.8
970,25,80,5,2024-11-08,1119.95
971,17,54,3,2024-12-10,1063.1999999999998
972,13,86,9,2024-10-04,4212.360000000001
973,20,92,4,2025-03-17,1104.8
974,25,148,6,2025-01-26,1343.94
975,4,161,2,2025-03-08,978.46
976,10,168,6,2024-11-24,1043.04
977,3,160,3,2025-03-06,1216.35
978,41,97,9,2025-06-22,709.1999999999999
979,45,2,2,2024-12-15,811.58
980,18,33,9,2025-03-05,3290.67
981,47,158,5,2025-04-09,2095.55
982,36,161,8,2025-07-24,1940.48
983,47,77,2,2025-05-22,838.22
984,22,116,6,2025-09-19,1479.1200000000001
985,34,154,3,2025-03-29,276.54
986,47,150,5,2025-08-31,2095.55
987,8,103,8,2025-08-22,3950.08
988,40,194,1,2025-07-09,10.31
989,49,166,5,2025-07-06,1986.75
990,44,103,3,2024-10-21,1175.6999999999998
991,19,90,4,2025-06-28,1174.12
992,42,174,2,2024-11-19,364.64
993,41,122,9,2025-04-16,709.1999999999999
994,37,143,3,2024-12-16,80.94
995,6,106,2,2025-05-02,460.18
996,26,119,9,2025-01-31,3211.0199999999995
997,34,172,7,2025-06-11,645.26
998,45,49,6,2025-03-31,2434.7400000000002
999,6,104,1,2025-04-19,230.09
1000,37,61,5,2025-02-20,134.9
